{
  "data": [
    {
      "title": "Product 1",
      "description": "Lorem ipsum dolor sit amet, consectetur adipiscing elit. Sed non risus. Suspendisse lectus tortor, dignissim sit amet, adipiscing nec, ultricies sed, dolor. Cras elementum ultrices diam. Maecenas ligula massa, varius a, semper congue, euismod non, mi.",
      "price": 50,
      "currency": "USDT",
      "image": "/01.avif",
      "tag": "t1",
      "id": "c1"
    },
    {
      "title": "Product 2",
      "description": "Lorem ipsum dolor sit amet, consectetur adipiscing elit. Sed non risus. Suspendisse lectus tortor, dignissim sit amet, adipiscing nec, ultricies sed, dolor. Cras elementum ultrices diam. Maecenas ligula massa, varius a, semper congue, euismod non, mi.",
      "price": 50,
      "currency": "USDT",
      "image": "/02.avif",
      "tag": "t1",
      "id": "c2"
    },
    {
      "title": "Product 3",
      "description": "Lorem ipsum dolor sit amet, consectetur adipiscing elit. Sed non risus. Suspendisse lectus tortor, dignissim sit amet, adipiscing nec, ultricies sed, dolor. Cras elementum ultrices diam. Maecenas ligula massa, varius a, semper congue, euismod non, mi.",
      "price": 50,
      "currency": "USDT",
      "image": "/03.avif",
      "tag": "t1",
      "id": "c3"
    },
    {
      "title": "Product 4",
      "description": "Lorem ipsum dolor sit amet, consectetur adipiscing elit. Sed non risus. Suspendisse lectus tortor, dignissim sit amet, adipiscing nec, ultricies sed, dolor. Cras elementum ultrices diam. Maecenas ligula massa, varius a, semper congue, euismod non, mi.",
      "price": 50,
      "currency": "USDT",
      "image": "/04.avif",
      "tag": "t2",
      "id": "c4"
    },
    {
      "title": "Product 5",
      "description": "Lorem ipsum dolor sit amet, consectetur adipiscing elit. Sed non risus. Suspendisse lectus tortor, dignissim sit amet, adipiscing nec, ultricies sed, dolor. Cras elementum ultrices diam. Maecenas ligula massa, varius a, semper congue, euismod non, mi.",
      "price": 50,
      "currency": "USDT",
      "image": "/05.avif",
      "tag": "t2",
      "id": "c5"
    },
    {
      "title": "Product 6",
      "description": "Lorem ipsum dolor sit amet, consectetur adipiscing elit. Sed non risus. Suspendisse lectus tortor, dignissim sit amet, adipiscing nec, ultricies sed, dolor. Cras elementum ultrices diam. Maecenas ligula massa, varius a, semper congue, euismod non, mi.",
      "price": 50,
      "currency": "USDT",
      "image": "/06.avif",
      "tag": "t2",
      "id": "c6"
    },
    {
      "title": "Product 7",
      "description": "Lorem ipsum dolor sit amet, consectetur adipiscing elit. Sed non risus. Suspendisse lectus tortor, dignissim sit amet, adipiscing nec, ultricies sed, dolor. Cras elementum ultrices diam. Maecenas ligula massa, varius a, semper congue, euismod non, mi.",
      "price": 50,
      "currency": "USDT",
      "image": "/07.avif",
      "tag": "t3",
      "id": "c7"
    },
    {
      "title": "Product 8",
      "description": "Lorem ipsum dolor sit amet, consectetur adipiscing elit. Sed non risus. Suspendisse lectus tortor, dignissim sit amet, adipiscing nec, ultricies sed, dolor. Cras elementum ultrices diam. Maecenas ligula massa, varius a, semper congue, euismod non, mi.",
      "price": 50,
      "currency": "USDT",
      "image": "/08.avif",
      "tag": "t3",
      "id": "c8"
    },
    {
      "title": "Product 9",
      "description": "Lorem ipsum dolor sit amet, consectetur adipiscing elit. Sed non risus. Suspendisse lectus tortor, dignissim sit amet, adipiscing nec, ultricies sed, dolor. Cras elementum ultrices diam. Maecenas ligula massa, varius a, semper congue, euismod non, mi.",
      "price": 50,
      "currency": "USDT",
      "image": "/09.avif",
      "tag": "t3",
      "id": "c9"
    },
    {
      "title": "Product 10",
      "description": "Lorem ipsum dolor sit amet, consectetur adipiscing elit. Sed non risus. Suspendisse lectus tortor, dignissim sit amet, adipiscing nec, ultricies sed, dolor. Cras elementum ultrices diam. Maecenas ligula massa, varius a, semper congue, euismod non, mi.",
      "price": 50,
      "currency": "USDT",
      "image": "/10.avif",
      "tag": "t4",
      "id": "c10"
    },
    {
      "title": "Product 11",
      "description": "Lorem ipsum dolor sit amet, consectetur adipiscing elit. Sed non risus. Suspendisse lectus tortor, dignissim sit amet, adipiscing nec, ultricies sed, dolor. Cras elementum ultrices diam. Maecenas ligula massa, varius a, semper congue, euismod non, mi.",
      "price": 50,
      "currency": "USDT",
      "image": "/11.avif",
      "tag": "t4",
      "id": "c11"
    },
    {
      "title": "Product 12",
      "description": "Lorem ipsum dolor sit amet, consectetur adipiscing elit. Sed non risus. Suspendisse lectus tortor, dignissim sit amet, adipiscing nec, ultricies sed, dolor. Cras elementum ultrices diam. Maecenas ligula massa, varius a, semper congue, euismod non, mi.",
      "price": 50,
      "currency": "USDT",
      "image": "/12.avif",
      "tag": "t4",
      "id": "c12"
    }
  ]
}
